Sr_no,name,distance,mass,radius,gravity
0,Sirius,8.6,0.018137172,0.1675036899999999,177.0
1,Procyon,11.4,0.021955524,0.16647606,217.0
2,Aldebaran,65.0,0.01909176,0.16647606,188.0
3,Fomalhaut,25.0,0.01431882,0.15722739,158.0
4,Gliese 1214,47.5,0.02863764,0.2260786,153.0
